Group,Model,SIS
1,FFNN,0.7962266316021862
1,FFNN,0.928830688683467
1,FFNN,0.789272783456787
1,FFNN,0.6957779263592772
1,FFNN,0.8679981558259747
1,FFNN,0.6217494731300441
1,FFNN,0.6939252679779442
1,FFNN,0.6586019218078012
1,FFNN,0.926928964274108
1,FFNN,0.9330941805140466
1,FFNN,0.9672886678324276
1,FFNN,0.4656873902485002
1,FFNN,0.7981316448438864
1,FFNN,0.662181057798366
1,FFNN,0.7977829690095439
1,FFNN,0.8601167672877058
1,FFNN,0.9582169974334764
1,FFNN,0.7440790599207154
1,FFNN,0.4488089476944349
1,FFNN,0.3765705528789806
1,FFNN,0.9039668928408436
1,FFNN,0.8750260840439896
1,FFNN,0.82444132530726
1,FFNN,0.8799809348108605
1,FFNN,0.480682121239503
1,FFNN,0.7667079355865107
1,FFNN,0.530315989024671
1,FFNN,0.7535387235416914
1,FFNN,0.7388738349052848
1,FFNN,0.7855453798846507
1,FFNN,0.9157358630935644
1,FFNN,0.9024359486501752
1,FFNN,0.8988603773168656
1,FFNN,0.8272083308435091
1,FFNN,0.6179167034923564
1,FFNN,0.9776710952022616
1,FFNN,0.6889286160053565
1,FFNN,0.6546632454683738
1,FFNN,0.9048724142996182
1,FFNN,0.5457299982931221
1,FFNN,0.803041028227127
1,FFNN,0.8977799572582678
1,FFNN,0.4589205191169639
1,FFNN,0.9631081221135726
1,FFNN,0.7799931839594734
1,FFNN,0.7952674552923856
1,FFNN,0.763379498989441
1,FFNN,0.7821927353840318
1,FFNN,0.6642310907734554
1,FFNN,0.8586482899051053
1,FFNN,0.8741402232114436
1,FFNN,0.7337185249318122
1,FFNN,0.8914150393226813
1,FFNN,0.946521382642906
1,FFNN,0.829727537539045
1,FFNN,0.5770719600035809
1,FFNN,0.8647355154525168
1,FFNN,0.6701950685937218
1,FFNN,0.950343276807221
1,FFNN,0.75559415268999
1,FFNN,0.7818389187054793
1,FFNN,0.8623978346063687
1,FFNN,0.8645593973118767
1,FFNN,0.6228825447637685
1,FFNN,0.9343185298298688
1,FFNN,0.8820024379632858
1,FFNN,0.8287733805354213
1,FFNN,0.7855876104349055
1,FFNN,0.9398343199375344
1,FFNN,0.8894182391450163
1,FFNN,0.8007758370598678
1,FFNN,0.8565544552920226
1,FFNN,0.7111711678601107
1,FFNN,0.7882627310087362
1,FFNN,0.718708701104755
1,FFNN,0.724288456436858
1,FFNN,0.950060500697748
1,FFNN,0.3854917989915093
1,FFNN,0.7331023414286402
1,FFNN,0.8868639685838048
1,FFNN,0.6241995483219941
1,FFNN,0.934941224543253
1,FFNN,0.5746576250705198
1,FFNN,0.5241325097831034
1,FFNN,0.7850749461656702
1,FFNN,0.8587766109634954
1,FFNN,0.5796277547546516
1,FFNN,0.7706866623620241
1,FFNN,0.7541722363832664
1,FFNN,0.8968802755108486
1,FFNN,0.8903690295519529
1,FFNN,0.6871896493997064
1,FFNN,0.8236267648414946
1,FFNN,0.7454115154164093
1,FFNN,0.8920472083569654
1,FFNN,0.8790381354525136
1,FFNN,0.7933339915520635
1,FFNN,0.7322238649652988
1,FFNN,0.8930087049521888
1,FFNN,0.8292205891371821
1,FFNN,0.9516802896438716
1,FFNN,0.9101554662055814
1,FFNN,0.4184823636526529
1,FFNN,0.8948679157524777
1,FFNN,0.7727124083414906
1,FFNN,0.6431080761327763
1,FFNN,0.7589385823264394
1,FFNN,0.870745221997647
1,FFNN,0.889157584308324
1,FFNN,0.6372288443582848
1,FFNN,0.7170491993844686
1,FFNN,0.5279045811784561
1,FFNN,0.8874810427161512
1,FFNN,0.8798429205421953
1,FFNN,0.8105574318263786
1,FFNN,0.8153477947226372
1,FFNN,0.8282394993912463
1,FFNN,0.9092482314453668
1,FFNN,0.7706841581534898
1,FFNN,0.8675687051484916
1,FFNN,0.7385211563508599
1,FFNN,0.7371012475615817
1,FFNN,0.6336176086873738
1,FFNN,0.970283080188124
1,FFNN,0.8414345136474513
1,FFNN,0.8119117548572977
1,FFNN,0.5505359344524365
1,FFNN,0.9199733514112598
1,FFNN,0.6867889809988263
1,FFNN,0.5952300107424467
1,FFNN,0.7909766490339201
1,FFNN,0.881639650954891
1,FFNN,0.8515158335887969
1,FFNN,0.8179801337683357
1,FFNN,0.9169103174513366
1,FFNN,0.9295189559924852
1,FFNN,0.7037474505167584
1,FFNN,0.923077561945548
1,FFNN,0.4557711319847126
1,FFNN,0.8601164492694625
1,FFNN,0.5338944206923778
1,FFNN,0.735042127064973
1,FFNN,0.9516600467185676
1,FFNN,0.7510878179574318
1,FFNN,0.947000777201196
1,FFNN,0.8045499750587628
1,FFNN,0.6027308675273763
1,FFNN,0.7169373336582908
1,FFNN,0.9065524782192136
1,FFNN,0.8189373811376828
1,FFNN,0.918102675046196
1,FFNN,0.7126797365551015
1,FFNN,0.838017093529996
1,FFNN,0.9380622597470178
1,FFNN,0.8735680751825713
1,FFNN,0.7816032305999165
1,FFNN,0.9745132537526836
1,FFNN,0.6564034312470183
1,FFNN,0.7860746037044419
1,FFNN,0.8411536509560712
1,FFNN,0.7997576875071488
1,FFNN,0.7141557650905088
1,FFNN,0.8222834195470535
1,FFNN,0.5744421623263463
1,FFNN,0.6972328117483997
1,FFNN,0.7829440104737512
1,FFNN,0.786997723824745
1,FFNN,0.7794636781283844
1,FFNN,0.818761461067098
1,FFNN,0.8178584858121806
1,FFNN,0.7172604446446197
1,FFNN,0.9644544446328034
1,FFNN,0.8696587173195154
1,FFNN,0.9020884544404294
1,FFNN,0.9474846692160483
1,FFNN,0.7984505010224274
1,FFNN,0.9311222175844032
1,FFNN,0.8159869568212211
1,FFNN,0.6392786893012254
1,FFNN,0.8704590104911337
1,FFNN,0.696067272457377
1,FFNN,0.8693467347564465
1,FFNN,0.6945480460524142
1,FFNN,0.812772184109901
1,FFNN,0.8810373743230956
1,FFNN,0.7381452451726248
1,FFNN,0.7079989928987301
1,FFNN,0.953811105697412
1,FFNN,0.9185197290544088
1,FFNN,0.8476657660932215
1,FFNN,0.9054598570212676
1,FFNN,0.9715099238969028
1,FFNN,0.8798807481570318
1,FFNN,0.3415230044103572
1,FFNN,0.876937751010747
1,FFNN,0.8046130189044425
1,FFNN,0.9767096438909764
1,FFNN,0.8897015677556951
1,FFNN,0.9020667832662854
1,FFNN,0.8838583944151588
1,FFNN,0.6704128173143862
1,FFNN,0.6547754296336662
1,FFNN,0.862272813569291
1,FFNN,0.4557970701250833
1,FFNN,0.8364704582043986
1,FFNN,0.4089300147118259
1,FFNN,0.938337197022504
1,FFNN,0.5878235030177136
1,FFNN,0.7974637865316175
1,FFNN,0.7454941855518125
1,FFNN,0.8870566176328365
1,FFNN,0.8384971306317418
1,FFNN,0.8291687632729342
1,FFNN,0.7829831389224208
1,FFNN,0.7423732033526678
1,FFNN,0.77677612363194
1,FFNN,0.6305412680877419
1,FFNN,0.8230847724232925
1,FFNN,0.9610547280850448
1,FFNN,0.9728151422928968
1,FFNN,0.7501674392655748
1,FFNN,0.6938357363666268
1,FFNN,0.9348480623450272
1,FFNN,0.8408390032062536
1,FFNN,0.8353126628667313
1,FFNN,0.9397242439446256
1,FFNN,0.9118041403078112
1,FFNN,0.8913510261235909
1,FFNN,0.7609154156424982
1,FFNN,0.8946557642401449
1,FFNN,0.9202697996158704
1,FFNN,0.8539041178703191
1,FFNN,0.8867026414991614
1,FFNN,0.9207221677778792
1,FFNN,0.8017445632599929
1,FFNN,0.7420086658833551
1,FFNN,0.9837387688561215
1,FFNN,0.81650713833616
1,FFNN,0.7076543506988039
1,FFNN,0.91013261931993
1,FFNN,0.9712482608297092
1,FFNN,0.6600138990529621
1,FFNN,0.9633936868312826
1,FFNN,0.8256621746537018
1,FFNN,0.7823661047322262
1,FFNN,0.888921898678154
1,FFNN,0.837457968857401
1,FFNN,0.8282055908719369
1,FFNN,0.7255801139919018
1,FFNN,0.8940692269422286
1,FFNN,0.7554445710739113
1,FFNN,0.6521320700285353
1,FFNN,0.832432733394666
1,FFNN,0.9597291505749734
1,FFNN,0.9382376298301668
1,FFNN,0.8864689687344744
1,FFNN,0.7901346340717698
1,FFNN,0.6603811827607042
1,FFNN,0.658915731574754
1,FFNN,0.9282156816979014
1,FFNN,0.8029669307871925
1,FFNN,0.9147597211919593
1,FFNN,0.9001082872316691
1,FFNN,0.7442035485900198
1,FFNN,0.3525236478429259
1,FFNN,0.6556308652282963
1,FFNN,0.9239249095190408
1,FFNN,0.7233085122143302
1,FFNN,0.6400562805390412
1,FFNN,0.7305254235493479
1,FFNN,0.7921974315778819
1,FFNN,0.8282100453555934
1,FFNN,0.7981194195705715
1,FFNN,0.9502793243367889
1,FFNN,0.6803180134553469
1,FFNN,0.6304328579689008
1,FFNN,0.7619458488355851
1,FFNN,0.801147449724857
1,FFNN,0.9160953246197506
1,FFNN,0.8824640775133099
1,FFNN,0.8912265983220949
1,FFNN,0.6147852084448066
1,FFNN,0.5832901841089853
1,FFNN,0.8089632797522546
1,FFNN,0.7348820486147074
1,FFNN,0.6242718262129844
1,FFNN,0.4370220549730297
1,FFNN,0.8149015553451059
1,FFNN,0.6509391864542876
1,FFNN,0.8864912449186373
1,FFNN,0.6681341488763178
1,FFNN,0.7046175668314167
1,FFNN,0.9255852592659914
1,FFNN,0.7808141344235233
1,FFNN,0.4937544333728302
1,FFNN,0.9228497777879536
1,FFNN,0.925624364796246
1,FFNN,0.8169153164426939
1,FFNN,0.2550480494085032
1,FFNN,0.9414647537607104
1,FFNN,0.8809702391532382
1,FFNN,0.8570289684114665
1,FFNN,0.8293507500812182
1,FFNN,0.8421697221753454
1,FFNN,0.83580732052437
1,FFNN,0.6026549761517875
1,FFNN,0.7428453210421253
1,FFNN,0.9572681608927884
1,FFNN,0.894287506619147
1,FFNN,0.8294564439840701
1,FFNN,0.7803312615239848
1,FFNN,0.7603250863700268
1,FFNN,0.6849116463182293
1,FFNN,0.3105567884004249
1,FFNN,0.8926217962691715
1,FFNN,0.8739074152537586
1,FFNN,0.9334125920484636
1,FFNN,0.8445236385156367
1,FFNN,0.6998550703726653
1,FFNN,0.9328529743176258
1,FFNN,0.8194244288113405
1,FFNN,0.794624161062272
1,FFNN,0.9006547491438406
1,FFNN,0.92800216975636
1,FFNN,0.8039685251066664
1,FFNN,0.8216372262144782
1,FFNN,0.6479468826903172
1,FFNN,0.9089207125731396
1,FFNN,0.5351289651724903
1,FFNN,0.7944912515242334
1,FFNN,0.6935422713563345
1,FFNN,0.8842716140474374
1,FFNN,0.673976565044224
1,FFNN,0.6799536304870505
1,FFNN,0.8875516915582731
1,FFNN,0.8284038742884761
1,FFNN,0.8066369961585644
1,FFNN,0.9236376947218116
1,FFNN,0.8944167692632267
1,FFNN,0.4627693999397057
1,FFNN,0.7469666783999802
1,FFNN,0.8546613675937583
1,FFNN,0.6148964115294872
1,FFNN,0.5544213118514886
1,FFNN,0.9084333846498844
1,FFNN,0.8998955058334265
1,FFNN,0.578689636557908
1,FFNN,0.4892850124269655
1,FFNN,0.8198558313422448
1,FFNN,0.7829212404081674
1,FFNN,0.8023769972580174
1,FFNN,0.855740101257259
1,FFNN,0.816713148570981
1,FFNN,0.9112026717861156
1,FFNN,0.5703535311668537
1,FFNN,0.941773544590102
1,FFNN,0.9224042336380308
1,FFNN,0.6717460861882508
1,FFNN,0.8835708062670237
1,FFNN,0.8847432258774011
1,FFNN,0.7978004849919664
1,FFNN,0.9694105016188302
1,FFNN,0.8645756174425048
1,FFNN,0.731672533157629
1,FFNN,0.8303777679988654
1,FFNN,0.8926884832157069
1,FFNN,0.7088190053645358
1,FFNN,0.8316257723559196
1,FFNN,0.7098448139601068
1,FFNN,0.7655988061094797
1,FFNN,0.8700808013374792
1,FFNN,0.8550777344613174
1,FFNN,0.7607094724912908
1,FFNN,0.7898867012889633
1,FFNN,0.6590431697624641
1,FFNN,0.8768570192690968
1,FFNN,0.7325850317737409
1,FFNN,0.9177894474964532
1,FFNN,0.6495306417157908
1,FFNN,0.8730175081737909
1,FFNN,0.505505363516798
1,FFNN,0.7556568198195858
1,FFNN,0.8983717424728218
1,FFNN,0.7159998446851836
1,FFNN,0.7935281934870079
1,FFNN,0.8847534409294854
1,FFNN,0.8693559901232959
1,FFNN,0.7748729434270882
1,FFNN,0.8448833309726808
1,FFNN,0.8145988607804041
1,FFNN,0.938255678058588
1,FFNN,0.5331241304124522
1,FFNN,0.8551773843816616
1,FFNN,0.8937971518462127
1,FFNN,0.3726084395794656
1,FFNN,0.8405548992686824
1,FFNN,0.8505013213332213
1,FFNN,0.3844482275788282
1,FFNN,0.8725674619371491
1,FFNN,0.7655391449988087
1,FFNN,0.7367829875174042
1,FFNN,0.845399260966733
1,FFNN,0.8844710808033922
1,FFNN,0.9285896042590468
1,FFNN,0.6676376684205426
1,FFNN,0.9278969963144346
1,FFNN,0.8842838896935161
1,FFNN,0.8838451209815074
1,FFNN,0.9256348601907108
1,FFNN,0.7593928429808333
1,FFNN,0.8095352135026082
1,FFNN,0.8886252123099565
1,FFNN,0.7732227763155729
1,FFNN,0.5518732092634837
1,FFNN,0.7879178874430741
1,FFNN,0.7456366878773101
1,FFNN,0.920428079987205
1,FFNN,0.8880841504163688
1,FFNN,0.885994810803172
1,FFNN,0.8574569649162274
1,FFNN,0.9280626787960312
1,FFNN,0.9192929082492268
1,FFNN,0.7840999271202205
1,FFNN,0.9178508658351388
1,FFNN,0.9433012605139716
1,FFNN,0.8863501536584473
1,FFNN,0.9292559051294392
1,FFNN,0.8737044746921886
1,FFNN,0.8121542444789398
1,FFNN,0.6833400299853584
1,FFNN,0.808949299116785
1,FFNN,0.7813988823902788
1,FFNN,0.4204892079821398
1,FFNN,0.5962269756394477
1,FFNN,0.677082599032004
1,FFNN,0.8719726472082872
1,FFNN,0.8213731136326227
1,FFNN,0.9091965990871396
1,FFNN,0.8976807585109846
1,FFNN,0.4954444414623313
1,FFNN,0.580109176414136
1,FFNN,0.8042355260294378
1,FFNN,0.9232759548701128
1,FFNN,0.9129473888518456
1,FFNN,0.8447583352161342
1,FFNN,0.9849907194163494
1,FFNN,0.7625223923939601
1,FFNN,0.8574475190511065
1,FFNN,0.8818818717609904
1,FFNN,0.9029537792707426
1,FFNN,0.5157361702978305
1,FFNN,0.5862476698828549
1,FFNN,0.7563741928438188
1,FFNN,0.9534962474126084
1,FFNN,0.7046158038569806
1,FFNN,0.7448468296369753
1,FFNN,0.9822791879425876
1,FFNN,0.9404098496352634
1,FFNN,0.784409791755077
1,FFNN,0.6924380589902159
1,FFNN,0.8719242800331601
1,FFNN,0.9244756855020516
1,FFNN,0.9703758567925418
1,FFNN,0.3669179523913658
1,FFNN,0.9111927940312352
1,FFNN,0.7951062503463456
1,FFNN,0.9481214167010704
1,FFNN,0.962734751554521
1,FFNN,0.901219051382518
1,FFNN,0.6531252401082567
1,FFNN,0.5517384214197303
1,FFNN,0.5792954415700127
1,FFNN,0.6241374947688405
1,FFNN,0.9535992078191152
1,FFNN,0.6795737730422732
1,FFNN,0.5201247956384588
1,FFNN,0.5057243102593194
1,FFNN,0.8123483739138997
1,FFNN,0.8478550526514056
1,FFNN,0.9571542282228208
1,FFNN,0.5295857175185005
1,FFNN,0.976191128235226
1,FFNN,0.8739789939274266
1,FFNN,0.9094787084177692
1,FFNN,0.880300994614849
1,FFNN,0.8798541831810358
1,FFNN,0.9140307582567156
1,FFNN,0.8044421160738474
1,FFNN,0.9542750500577194
1,FFNN,0.9130894067247172
1,FFNN,0.5952530040589057
1,FFNN,0.851851651632992
1,FFNN,0.89072863754853
1,FFNN,0.9405319790204052
1,FFNN,0.4320589035469814
1,FFNN,0.7439496046593781
1,FFNN,0.5366983541403143
1,FFNN,0.9008877048696584
1,FFNN,0.5007923165116297
1,FFNN,0.964889836171856
1,FFNN,0.8845179282057608
1,FFNN,0.8757945223488721
1,FFNN,0.7363635711101424
1,FFNN,0.8268885746681395
1,FFNN,0.7471430471414131
1,FFNN,0.9603307789374124
1,FFNN,0.9719254231300444
1,FFNN,0.8077588807994844
1,FFNN,0.7546064004710109
1,FFNN,0.8825100433629689
1,FFNN,0.6157528715892617
1,FFNN,0.9293373743949912
1,FFNN,0.5181797810145722
1,FFNN,0.6546636495145183
1,FFNN,0.8515527471108371
1,FFNN,0.7986985113539256
1,FFNN,0.6114788244347804
1,FFNN,0.8075891721633518
1,FFNN,0.8259311845996783
1,FFNN,0.9608583833769944
1,FFNN,0.8854329995738726
1,FFNN,0.9781664189124614
1,FFNN,0.8079157982956316
1,FFNN,0.8975680599191004
1,FFNN,0.6055489905185503
1,FFNN,0.9177036557893208
1,FFNN,0.9668347861771504
1,FFNN,0.8183964357745848
1,FFNN,0.9137338067891272
1,FFNN,0.7271295800981893
1,FFNN,0.5878075277320461
1,FFNN,0.8696193455357718
1,FFNN,0.870494126355895
1,FFNN,0.8905309672323606
1,FFNN,0.8241150781236615
1,FFNN,0.6796121428532634
1,FFNN,0.9651447567034732
1,FFNN,0.8867769038199403
1,FFNN,0.7456752898730088
1,FFNN,0.6453048088699563
1,FFNN,0.7112118736541563
1,FFNN,0.8364373558296357
1,FFNN,0.6872064080923928
1,FFNN,0.9125480432540588
1,FFNN,0.8803253339761653
1,FFNN,0.8289789566478787
1,FFNN,0.6844618815488438
1,FFNN,0.6410591737406743
1,FFNN,0.5630088936313891
1,FFNN,0.9171165470470184
1,FFNN,0.8560800147709855
1,FFNN,0.7559249060691132
1,FFNN,0.837521433659733
1,FFNN,0.9005647461530795
1,FFNN,0.4667527723722126
1,FFNN,0.8227266841560072
1,FFNN,0.5820163487615387
1,FFNN,0.947510935248076
1,FFNN,0.7868840713096739
1,FFNN,0.8444124120654868
1,FFNN,0.5609410270956209
1,FFNN,0.8078281084487595
1,FFNN,0.8772927207896234
1,FFNN,0.9302393662129604
1,FFNN,0.7946988787982573
1,FFNN,0.8537661163434874
1,FFNN,0.6891084756615249
1,FFNN,0.7559078613433887
1,FFNN,0.7749067267177193
1,FFNN,0.6552254285642016
1,FFNN,0.94563510922743
1,FFNN,0.9367962613139538
1,FFNN,0.8888778572480487
1,FFNN,0.7716778798884896
1,FFNN,0.7115096054836839
1,FFNN,0.8955435623494971
1,FFNN,0.8948691612532141
1,FFNN,0.908816759364377
1,FFNN,0.821340906493846
1,FFNN,0.6700567614687457
1,FFNN,0.8907208159840483
1,FFNN,0.8648238149950761
1,FFNN,0.7962845148031202
1,FFNN,0.9567073813741376
1,FFNN,0.7966770883304382
1,FFNN,0.7987514119091271
1,FFNN,0.8900899711435399
1,FFNN,0.732730794243533
1,FFNN,0.9609395048218188
1,FFNN,0.9174565085921084
1,FFNN,0.7770635035150659
1,FFNN,0.9671827406660182
1,FFNN,0.8298886558505761
1,FFNN,0.8018094279455648
1,FFNN,0.8104003785453749
1,FFNN,0.9659142150752204
1,FFNN,0.6381260649151662
1,FFNN,0.7623811830588868
1,FFNN,0.6060283976084472
1,FFNN,0.841998876342299
1,FFNN,0.9238070967082176
1,FFNN,0.9756922142720854
1,FFNN,0.9410360326244988
1,FFNN,0.8482480086320412
1,FFNN,0.8275692991145916
1,FFNN,0.805360238969702
1,FFNN,0.8320018401061878
1,FFNN,0.8762069824138426
1,FFNN,0.7029446392883671
1,FFNN,0.4915837808410599
1,FFNN,0.917343138158347
1,FFNN,0.8571934257167957
1,FFNN,0.85952168989676
1,FFNN,0.6808574965234657
1,FFNN,0.657731636577526
1,FFNN,0.653049675337189
1,FFNN,0.9153986573820776
1,FFNN,0.8259436509618675
1,FFNN,0.9498899233521468
1,FFNN,0.7815959126767498
1,FFNN,0.7654895753276078
1,FFNN,0.9457410846329216
1,FFNN,0.8298155721476713
1,FFNN,0.6530921341425594
1,FFNN,0.7609631468783546
1,FFNN,0.9324424322490772
1,FFNN,0.6166646992181652
1,FFNN,0.8355186645850338
1,FFNN,0.89516815434871
1,FFNN,0.8542679584467
1,FFNN,0.7784491404797885
1,FFNN,0.919906767645677
1,FFNN,0.8589012576337411
1,FFNN,0.5303641567910612
1,FFNN,0.8983222382603825
1,FFNN,0.639081877801844
1,FFNN,0.6889594427841995
1,FFNN,0.9571278495678084
1,FFNN,0.9226618851570244
1,FFNN,0.897075241318289
1,FFNN,0.9140777128865736
1,FFNN,0.9673719612741952
1,FFNN,0.8910837442501557
1,FFNN,0.8254448110836115
1,FFNN,0.5923605687589599
1,FFNN,0.6154448132718623
1,FFNN,0.8851786122862428
1,FFNN,0.7757565996186242
1,FFNN,0.8763520817520591
1,FFNN,0.8923755120235911
1,FFNN,0.6498027320785235
1,FFNN,0.9510925321920785
1,FFNN,0.7653467299767546
1,FFNN,0.7872534656335676
1,FFNN,0.834735775323819
1,FFNN,0.9815212790430776
1,FFNN,0.8424547659546777
1,FFNN,0.6122352889143803
1,FFNN,0.8312720663549612
1,FFNN,0.5373114973815853
1,FFNN,0.7014634076885735
1,FFNN,0.903991000635513
1,FFNN,0.913835774298335
1,FFNN,0.7314622392013359
1,FFNN,0.674098194251982
1,FFNN,0.6086254700727657
1,FFNN,0.8294234838689749
1,FFNN,0.5050821499410486
1,FFNN,0.8762107063924823
1,FFNN,0.7677913309171722
1,FFNN,0.9232754398697416
1,FFNN,0.8459011085613848
1,FFNN,0.7314514766225999
1,FFNN,0.8443411420993479
1,FFNN,0.8499484717444096
1,FFNN,0.8455598628401451
1,FFNN,0.7753521011029192
1,FFNN,0.8997192915669067
1,FFNN,0.7167662440621126
1,FFNN,0.841068794756038
1,FFNN,0.7635108175505134
1,FFNN,0.6974537458642195
1,FFNN,0.8600860175243821
1,FFNN,0.8805507595439509
1,FFNN,0.8312552320072152
1,FFNN,0.4461762522571623
1,FFNN,0.9560048152829352
1,FFNN,0.4375290568087127
1,FFNN,0.8057609077775076
1,FFNN,0.5120486305377492
1,FFNN,0.7984740953569558
1,FFNN,0.5938578309923453
1,FFNN,0.8375246982536326
1,FFNN,0.6219127196770478
1,FFNN,0.8369351656014677
1,FFNN,0.942587059349976
1,FFNN,0.872581663505493
1,FFNN,0.6040627823730289
1,FFNN,0.971568814096907
1,FFNN,0.8221636908142141
1,FFNN,0.920842611478274
1,FFNN,0.57836629727171
1,FFNN,0.4970140511457069
1,FFNN,0.7348418188248669
1,FFNN,0.901003989330598
1,FFNN,0.933977971712685
1,FFNN,0.7999990789291747
1,FFNN,0.3607842840864512
1,FFNN,0.8005103488490338
1,FFNN,0.6551292173933445
1,FFNN,0.8450325460192407
1,FFNN,0.6634787612675757
1,FFNN,0.6212440384958494
1,FFNN,0.8905039760969948
1,FFNN,0.8983233699102803
1,FFNN,0.8861743774659606
1,FFNN,0.8401034627160948
1,FFNN,0.8289073907787046
1,FFNN,0.7346954225890644
1,FFNN,0.9104154378544717
1,FFNN,0.8089544018785373
1,FFNN,0.881906609598336
1,FFNN,0.693419814748203
1,FFNN,0.8484691714671463
1,FFNN,0.8494720743473916
1,FFNN,0.5655337693520786
1,FFNN,0.8074881675530886
1,FFNN,0.8369381956989634
1,FFNN,0.8555490044732873
1,FFNN,0.7819253808759143
1,FFNN,0.8615736746259355
1,FFNN,0.3489382200987778
1,FFNN,0.8863128500673598
1,FFNN,0.8444000942736103
1,FFNN,0.6385326056847851
1,FFNN,0.8667050034887309
1,FFNN,0.940320907613066
1,FFNN,0.9366164298905184
1,FFNN,0.863739190037956
1,FFNN,0.4770784287395135
1,FFNN,0.9642196166829048
1,FFNN,0.9036455620049852
1,FFNN,0.7733577075876762
1,FFNN,0.8485752358485746
1,FFNN,0.7445780983573783
1,FFNN,0.8188215342584912
1,FFNN,0.8828127184544906
1,FFNN,0.9104664439472052
1,HQNN,0.8547992638102898
1,HQNN,0.9548724034755142
1,HQNN,0.7477792154275665
1,HQNN,0.5917862511409553
1,HQNN,0.9059919028126844
1,HQNN,0.6599092736900214
1,HQNN,0.7290309724026245
1,HQNN,0.852932308566801
1,HQNN,0.9152205030410112
1,HQNN,0.9142616915215956
1,HQNN,0.9770122339488634
1,HQNN,0.4130354380998192
1,HQNN,0.8329734531257862
1,HQNN,0.6753416192846653
1,HQNN,0.8028224323026413
1,HQNN,0.8525519430000541
1,HQNN,0.9374272969025638
1,HQNN,0.7771268429566963
1,HQNN,0.4508162574003635
1,HQNN,0.3401101981308534
1,HQNN,0.9167213868328103
1,HQNN,0.8563600308435462
1,HQNN,0.7586522201184658
1,HQNN,0.9083748823773392
1,HQNN,0.4665680575526638
1,HQNN,0.7111023915892281
1,HQNN,0.5665299443214888
1,HQNN,0.7621739399746247
1,HQNN,0.8179404904810539
1,HQNN,0.8544291232863298
1,HQNN,0.9102216477172111
1,HQNN,0.9198933828893268
1,HQNN,0.9152282285329472
1,HQNN,0.8776347285158391
1,HQNN,0.4962656728107706
1,HQNN,0.9813025893397516
1,HQNN,0.6943247396770407
1,HQNN,0.6297278810153314
1,HQNN,0.8817101001755602
1,HQNN,0.5926472124972205
1,HQNN,0.7277797418460138
1,HQNN,0.7566871267594384
1,HQNN,0.4146480637775189
1,HQNN,0.9479486070165496
1,HQNN,0.7813515152273666
1,HQNN,0.8131230571364788
1,HQNN,0.8312824694055637
1,HQNN,0.7823812863756541
1,HQNN,0.6466956408277538
1,HQNN,0.8895257048089338
1,HQNN,0.8574368967231265
1,HQNN,0.6974682556032259
1,HQNN,0.8686893591207384
1,HQNN,0.9525476171963752
1,HQNN,0.8279705368373506
1,HQNN,0.5861677531107187
1,HQNN,0.8334674491353397
1,HQNN,0.6112999891370444
1,HQNN,0.9275162768126528
1,HQNN,0.7715642892379583
1,HQNN,0.6815043660061223
1,HQNN,0.9230690104583176
1,HQNN,0.8025920101973332
1,HQNN,0.5607403535868538
1,HQNN,0.9560519896775556
1,HQNN,0.857023433675845
1,HQNN,0.7924080097328985
1,HQNN,0.8747121469492337
1,HQNN,0.921867319713845
1,HQNN,0.8927764084248563
1,HQNN,0.7849521739430494
1,HQNN,0.8457482189663461
1,HQNN,0.6690603020696934
1,HQNN,0.7542987385362784
1,HQNN,0.7109047318613441
1,HQNN,0.6854637573819087
1,HQNN,0.9620603346643556
1,HQNN,0.4428896131696559
1,HQNN,0.7152614983476585
1,HQNN,0.908527680668531
1,HQNN,0.6592773438211272
1,HQNN,0.8891210444825458
1,HQNN,0.4783633804945449
1,HQNN,0.5129295703416202
1,HQNN,0.82342447915083
1,HQNN,0.8238743933140091
1,HQNN,0.5878111487770794
1,HQNN,0.7450493586749314
1,HQNN,0.8254034238470064
1,HQNN,0.9179672243323456
1,HQNN,0.8960841955672731
1,HQNN,0.6638326791867412
1,HQNN,0.804745631204265
1,HQNN,0.7797422045426065
1,HQNN,0.874312532453273
1,HQNN,0.863646488146143
1,HQNN,0.8468869227830313
1,HQNN,0.728036157576242
1,HQNN,0.8873637488098167
1,HQNN,0.7797598346334138
1,HQNN,0.9603227456900328
1,HQNN,0.9167781826957404
1,HQNN,0.4230799781392628
1,HQNN,0.913427200755593
1,HQNN,0.8217631622747472
1,HQNN,0.5894166803572445
1,HQNN,0.8518477409075291
1,HQNN,0.8266516057972068
1,HQNN,0.8824359770782547
1,HQNN,0.7310136271794166
1,HQNN,0.7719987905274622
1,HQNN,0.5876960122871836
1,HQNN,0.8563912599473806
1,HQNN,0.8858410341759348
1,HQNN,0.7938119383454747
1,HQNN,0.7514210252789827
1,HQNN,0.7919872865432813
1,HQNN,0.9079465652870344
1,HQNN,0.7492030606561229
1,HQNN,0.8738238304235361
1,HQNN,0.7050127371108824
1,HQNN,0.91133582225554
1,HQNN,0.7125248540126526
1,HQNN,0.9635593886048404
1,HQNN,0.8747026698180999
1,HQNN,0.772888965303198
1,HQNN,0.6212138648704136
1,HQNN,0.8017284169881068
1,HQNN,0.728485069158115
1,HQNN,0.5351707443233208
1,HQNN,0.7881410804575226
1,HQNN,0.8763044381716535
1,HQNN,0.8287919477168785
1,HQNN,0.8085837965679242
1,HQNN,0.9105621652141688
1,HQNN,0.9500899187438407
1,HQNN,0.7245866891400394
1,HQNN,0.9336593483549658
1,HQNN,0.4574765673130965
1,HQNN,0.871146465512958
1,HQNN,0.4802233130925905
1,HQNN,0.6784018840761569
1,HQNN,0.9469193596872896
1,HQNN,0.7555667384687162
1,HQNN,0.9432042914559068
1,HQNN,0.7810679278794844
1,HQNN,0.5944928356926126
1,HQNN,0.7340556879005489
1,HQNN,0.8252036704127628
1,HQNN,0.7912498801097975
1,HQNN,0.917756617830362
1,HQNN,0.6777758275122157
1,HQNN,0.7932378118867869
1,HQNN,0.9301189554114851
1,HQNN,0.8384527512185161
1,HQNN,0.8315019313982156
1,HQNN,0.9757814497531584
1,HQNN,0.6290218673094795
1,HQNN,0.7675999226598527
1,HQNN,0.8130366021508078
1,HQNN,0.8016378984294841
1,HQNN,0.6973187367250752
1,HQNN,0.7440191698966612
1,HQNN,0.5188897358564486
1,HQNN,0.6707093688700411
1,HQNN,0.7657980783851814
1,HQNN,0.7217669379259039
1,HQNN,0.795483582775723
1,HQNN,0.8308817482056793
1,HQNN,0.8351519396555784
1,HQNN,0.6607159628181839
1,HQNN,0.9741137465999528
1,HQNN,0.920359125751786
1,HQNN,0.8874043060265653
1,HQNN,0.9530903311307096
1,HQNN,0.7440324555829798
1,HQNN,0.9490526897208256
1,HQNN,0.8075401083157221
1,HQNN,0.717246044739507
1,HQNN,0.8839518820275315
1,HQNN,0.628604199171254
1,HQNN,0.8858038854916995
1,HQNN,0.690471772466471
1,HQNN,0.8719403113114321
1,HQNN,0.7695864801127664
1,HQNN,0.6959335330281787
1,HQNN,0.7219552472408223
1,HQNN,0.9408471967422716
1,HQNN,0.9131229033027348
1,HQNN,0.8404904402896998
1,HQNN,0.8996420868911718
1,HQNN,0.9479471294354735
1,HQNN,0.8883512838395751
1,HQNN,0.2885782066683386
1,HQNN,0.8452250332171745
1,HQNN,0.7713072631056933
1,HQNN,0.97836634629258
1,HQNN,0.9115186245946196
1,HQNN,0.8707168370851073
1,HQNN,0.8154973526668164
1,HQNN,0.6391746242497938
1,HQNN,0.7109592990740375
1,HQNN,0.8795038638092851
1,HQNN,0.4313277589618583
1,HQNN,0.8101745472260412
1,HQNN,0.4106263246493402
1,HQNN,0.9618421274905078
1,HQNN,0.5490461419241384
1,HQNN,0.7593578653842543
1,HQNN,0.6237715943543858
1,HQNN,0.9028158369780352
1,HQNN,0.8781252843465184
1,HQNN,0.8240289931203297
1,HQNN,0.749638081826848
1,HQNN,0.8304068592204402
1,HQNN,0.8032225547736311
1,HQNN,0.667388857470172
1,HQNN,0.8008801730891947
1,HQNN,0.9538971900669018
1,HQNN,0.9752714281034168
1,HQNN,0.8406807894435256
1,HQNN,0.6036161623274324
1,HQNN,0.9419871182906456
1,HQNN,0.7613112132853339
1,HQNN,0.8386605136897219
1,HQNN,0.956108689807419
1,HQNN,0.9005326822532532
1,HQNN,0.885793348124624
1,HQNN,0.6797352119357911
1,HQNN,0.913613615700329
1,HQNN,0.9418880901535714
1,HQNN,0.856015340578721
1,HQNN,0.890631707485822
1,HQNN,0.8351323522283227
1,HQNN,0.8136179438782559
1,HQNN,0.7832308535825582
1,HQNN,0.9900210669896624
1,HQNN,0.8126481071375219
1,HQNN,0.6606483990974605
1,HQNN,0.920432273127379
1,HQNN,0.976896982992828
1,HQNN,0.7483088086389769
1,HQNN,0.9815947922588596
1,HQNN,0.7912673485529538
1,HQNN,0.8291174516208869
1,HQNN,0.8468760138142686
1,HQNN,0.9234458995206272
1,HQNN,0.8215465902660172
1,HQNN,0.6713652216967986
1,HQNN,0.9239291438343578
1,HQNN,0.7739277685806292
1,HQNN,0.5942295797673468
1,HQNN,0.808825878661358
1,HQNN,0.9608215366838336
1,HQNN,0.9679769488273244
1,HQNN,0.951844113410918
1,HQNN,0.7879506861771288
1,HQNN,0.6632589991467951
1,HQNN,0.6363759788353416
1,HQNN,0.918386361403524
1,HQNN,0.7889010365740259
1,HQNN,0.8870308731862867
1,HQNN,0.8605362352207452
1,HQNN,0.7723423739055532
1,HQNN,0.337868834590934
1,HQNN,0.7760156786008916
1,HQNN,0.872158512494343
1,HQNN,0.7411315834495382
1,HQNN,0.5889385499736963
1,HQNN,0.8120914917290507
1,HQNN,0.7964280791056851
1,HQNN,0.8548533237621082
1,HQNN,0.8288918213452992
1,HQNN,0.9531600118838404
1,HQNN,0.7222753400104561
1,HQNN,0.733595774516042
1,HQNN,0.8868432882254343
1,HQNN,0.8417570695880665
1,HQNN,0.9102526502867982
1,HQNN,0.8597272816622701
1,HQNN,0.9126037352921896
1,HQNN,0.6436856017380779
1,HQNN,0.5513995638961893
1,HQNN,0.8769441754700276
1,HQNN,0.8647902062518662
1,HQNN,0.6317295365739553
1,HQNN,0.4490507778457333
1,HQNN,0.804020898950139
1,HQNN,0.7115304377261001
1,HQNN,0.9086765051305165
1,HQNN,0.674687801639946
1,HQNN,0.5951966573161248
1,HQNN,0.9105444783497512
1,HQNN,0.7300760794432578
1,HQNN,0.4592039272916512
1,HQNN,0.9529491362602974
1,HQNN,0.927913933394159
1,HQNN,0.8502410336420225
1,HQNN,0.2489575550483973
1,HQNN,0.9160505214510882
1,HQNN,0.882706915542398
1,HQNN,0.8921204761904253
1,HQNN,0.8720098972268533
1,HQNN,0.7746950817429593
1,HQNN,0.8481562664274368
1,HQNN,0.5921227411672629
1,HQNN,0.7715325483927574
1,HQNN,0.97976975299974
1,HQNN,0.8829089254539209
1,HQNN,0.8486118294427205
1,HQNN,0.7730226097840824
1,HQNN,0.7801312408919017
1,HQNN,0.6057636446078074
1,HQNN,0.3090791203888274
1,HQNN,0.8822332491383098
1,HQNN,0.9028765750838118
1,HQNN,0.9204480601114308
1,HQNN,0.9008885022340872
1,HQNN,0.7426355187953749
1,HQNN,0.9244975222812664
1,HQNN,0.8907621020928063
1,HQNN,0.7856652231727009
1,HQNN,0.916471039618281
1,HQNN,0.9340197247227228
1,HQNN,0.845279356066309
1,HQNN,0.7850568515219072
1,HQNN,0.6824705552657288
1,HQNN,0.9103197706173212
1,HQNN,0.567365209786782
1,HQNN,0.7030831575010934
1,HQNN,0.6763188836631422
1,HQNN,0.9458967350866364
1,HQNN,0.6601504175096942
1,HQNN,0.6468691425170952
1,HQNN,0.9295524518078746
1,HQNN,0.8092910409928217
1,HQNN,0.8543611412960197
1,HQNN,0.9413445223136804
1,HQNN,0.8833915271258717
1,HQNN,0.5062318277770899
1,HQNN,0.7961882550314934
1,HQNN,0.929298351425284
1,HQNN,0.5866333779898367
1,HQNN,0.536628104683916
1,HQNN,0.8741645876134951
1,HQNN,0.8830887394418828
1,HQNN,0.4953811647176624
1,HQNN,0.6299056646628166
1,HQNN,0.8078910260831254
1,HQNN,0.7331672595488253
1,HQNN,0.8172631533090878
1,HQNN,0.8215351127271845
1,HQNN,0.8563279701307329
1,HQNN,0.8612674891676874
1,HQNN,0.6127436187606606
1,HQNN,0.95001042346467
1,HQNN,0.9078953479484362
1,HQNN,0.7681058057623819
1,HQNN,0.8835110574771606
1,HQNN,0.8895273348276661
1,HQNN,0.7325600448069847
1,HQNN,0.9930259016121736
1,HQNN,0.8614363130312912
1,HQNN,0.8323520870758685
1,HQNN,0.8527427911415618
1,HQNN,0.8878182746003869
1,HQNN,0.6828511733644501
1,HQNN,0.8315155055813067
1,HQNN,0.714898304116244
1,HQNN,0.773371472964546
1,HQNN,0.8458651606996154
1,HQNN,0.9211594719409708
1,HQNN,0.8149236433320551
1,HQNN,0.7955992840421606
1,HQNN,0.6418985332564298
1,HQNN,0.8773347968521972
1,HQNN,0.7494694715552649
1,HQNN,0.8894919019416626
1,HQNN,0.780253096335847
1,HQNN,0.9016771335350056
1,HQNN,0.5248561705881636
1,HQNN,0.8209834608033129
1,HQNN,0.9184294453596452
1,HQNN,0.7032800861953626
1,HQNN,0.6395457366770515
1,HQNN,0.8667258526401077
1,HQNN,0.8691630099698452
1,HQNN,0.757975676398378
1,HQNN,0.8555492460110358
1,HQNN,0.8161297338940726
1,HQNN,0.9407647052336576
1,HQNN,0.5349825480528299
1,HQNN,0.8199911612273943
1,HQNN,0.911880673759242
1,HQNN,0.3220841596917188
1,HQNN,0.8315445151387616
1,HQNN,0.8497369061831844
1,HQNN,0.3358322406555541
1,HQNN,0.8847776236332513
1,HQNN,0.7997235478502276
1,HQNN,0.7547857261565679
1,HQNN,0.873096151445759
1,HQNN,0.919735061655426
1,HQNN,0.9231727420834596
1,HQNN,0.6859607791295896
1,HQNN,0.9405589847782406
1,HQNN,0.8973149935048154
1,HQNN,0.912455088053625
1,HQNN,0.9063825783015758
1,HQNN,0.762484062058904
1,HQNN,0.8055739410094185
1,HQNN,0.8811295328764147
1,HQNN,0.7749721138462738
1,HQNN,0.4721130664013784
1,HQNN,0.740221008709979
1,HQNN,0.8152286702732755
1,HQNN,0.8905617244353426
1,HQNN,0.9133528552977184
1,HQNN,0.8825181399916472
1,HQNN,0.813956615931382
1,HQNN,0.8854997074434742
1,HQNN,0.914499110810258
1,HQNN,0.7840361938169575
1,HQNN,0.936258533232316
1,HQNN,0.935934476259931
1,HQNN,0.8880296003684803
1,HQNN,0.9665820444648714
1,HQNN,0.8764052274110823
1,HQNN,0.8162621998528584
1,HQNN,0.7552763303839961
1,HQNN,0.8541393376801695
1,HQNN,0.8081995430378284
1,HQNN,0.4026785996808716
1,HQNN,0.604737584197085
1,HQNN,0.7100174014467613
1,HQNN,0.955442813346536
1,HQNN,0.7632463954526196
1,HQNN,0.9173015263114486
1,HQNN,0.8786186016588243
1,HQNN,0.4759779645529827
1,HQNN,0.636952169439838
1,HQNN,0.8113279822883768
1,HQNN,0.9174610875124016
1,HQNN,0.8976500835746996
1,HQNN,0.8885408536063596
1,HQNN,0.9926883987335576
1,HQNN,0.7906727784517101
1,HQNN,0.8063350183340938
1,HQNN,0.8524582000262345
1,HQNN,0.9477336771904752
1,HQNN,0.5324761404647715
1,HQNN,0.571416220301689
1,HQNN,0.7415907860955749
1,HQNN,0.9326556820164824
1,HQNN,0.6962770652497116
1,HQNN,0.8155825871953073
1,HQNN,0.9937157447314476
1,HQNN,0.956945369996907
1,HQNN,0.7997351099389478
1,HQNN,0.6455817949993261
1,HQNN,0.8574548657246098
1,HQNN,0.935715704583838
1,HQNN,0.9649155531527704
1,HQNN,0.3722767409300632
1,HQNN,0.9146881248236296
1,HQNN,0.806043652931956
1,HQNN,0.9022384512266632
1,HQNN,0.9816454109150764
1,HQNN,0.9015080570533144
1,HQNN,0.6564276405508833
1,HQNN,0.5202070841530756
1,HQNN,0.5758965184990472
1,HQNN,0.6253188372384494
1,HQNN,0.9697441125502252
1,HQNN,0.6747916279425443
1,HQNN,0.620336235341413
1,HQNN,0.5227260746988973
1,HQNN,0.8314518663527687
1,HQNN,0.8353134756149224
1,HQNN,0.978018535359048
1,HQNN,0.511217355268524
1,HQNN,0.970382539271387
1,HQNN,0.8713286225023994
1,HQNN,0.9634216847271104
1,HQNN,0.9300653682993352
1,HQNN,0.8638580632029258
1,HQNN,0.9418197670746832
1,HQNN,0.8072504594403203
1,HQNN,0.9831561287224684
1,HQNN,0.940889171421468
1,HQNN,0.6440022032762828
1,HQNN,0.8098128276284532
1,HQNN,0.9108390830142068
1,HQNN,0.9474388270910352
1,HQNN,0.3985811612609229
1,HQNN,0.647664987601847
1,HQNN,0.541383279805698
1,HQNN,0.916739473396786
1,HQNN,0.5109346138029431
1,HQNN,0.9765389306868878
1,HQNN,0.927422889047713
1,HQNN,0.8872329031416127
1,HQNN,0.7262200818293474
1,HQNN,0.9283931951505124
1,HQNN,0.7195007722966948
1,HQNN,0.9649413468470784
1,HQNN,0.9830830391101312
1,HQNN,0.7640367314347627
1,HQNN,0.7758361637183284
1,HQNN,0.9185817840935196
1,HQNN,0.6505563455517694
1,HQNN,0.9312841058258507
1,HQNN,0.533587690258214
1,HQNN,0.6890629363370094
1,HQNN,0.8445748083441982
1,HQNN,0.8349277598249477
1,HQNN,0.6171347590354355
1,HQNN,0.8035149270503218
1,HQNN,0.8083005983124452
1,HQNN,0.9440039013021136
1,HQNN,0.8812960045673599
1,HQNN,0.951166846782074
1,HQNN,0.7741440213290806
1,HQNN,0.8888306120569059
1,HQNN,0.534709124742688
1,HQNN,0.922060232306872
1,HQNN,0.9406260908491894
1,HQNN,0.7648786724687119
1,HQNN,0.9274547342570676
1,HQNN,0.7051417986927393
1,HQNN,0.7084616061378821
1,HQNN,0.8144177543707989
1,HQNN,0.8639086778280203
1,HQNN,0.8415002079062289
1,HQNN,0.7424403859295409
1,HQNN,0.6925743697664641
1,HQNN,0.961035341768331
1,HQNN,0.8702766474264718
1,HQNN,0.854351080667964
1,HQNN,0.6266911944168848
1,HQNN,0.7708026801567629
1,HQNN,0.7490184953346398
1,HQNN,0.6876515973252098
1,HQNN,0.9163262659791708
1,HQNN,0.934054506367628
1,HQNN,0.9111234855985908
1,HQNN,0.6905959324174797
1,HQNN,0.6139792859990745
1,HQNN,0.5775478242672132
1,HQNN,0.9022549807798664
1,HQNN,0.7505937249465674
1,HQNN,0.8507817220247866
1,HQNN,0.8241505846810189
1,HQNN,0.9194438692759016
1,HQNN,0.4715077934024892
1,HQNN,0.8943732935367924
1,HQNN,0.6144633014287667
1,HQNN,0.9398299907274672
1,HQNN,0.8695181238447
1,HQNN,0.8786005910318386
1,HQNN,0.4729424768674271
1,HQNN,0.8186297492584592
1,HQNN,0.8853361703666245
1,HQNN,0.95247705553644
1,HQNN,0.8056325493898754
1,HQNN,0.8154159454617064
1,HQNN,0.6416328710429409
1,HQNN,0.7396326286467471
1,HQNN,0.8356023698203396
1,HQNN,0.5502159919614255
1,HQNN,0.941430173229424
1,HQNN,0.9527996778137462
1,HQNN,0.8162235210649232
1,HQNN,0.846471091397615
1,HQNN,0.6541154722181918
1,HQNN,0.8596350373901039
1,HQNN,0.9145311609922246
1,HQNN,0.9481986241018544
1,HQNN,0.7969561641007855
1,HQNN,0.7256685207383627
1,HQNN,0.9352104855685373
1,HQNN,0.8795872310960489
1,HQNN,0.7605386691177273
1,HQNN,0.9476173524467884
1,HQNN,0.8568182080664454
1,HQNN,0.8097269070128609
1,HQNN,0.8494798063894963
1,HQNN,0.7958727348832559
1,HQNN,0.9827781817034896
1,HQNN,0.910658021049202
1,HQNN,0.7926748855186379
1,HQNN,0.9655177383229544
1,HQNN,0.8192065143369949
1,HQNN,0.8132675108352347
1,HQNN,0.8008210948413977
1,HQNN,0.978338191240972
1,HQNN,0.6539759026568478
1,HQNN,0.7670296740584976
1,HQNN,0.6126860085771603
1,HQNN,0.8407393572660001
1,HQNN,0.8930112772542357
1,HQNN,0.9838368410529322
1,HQNN,0.9370067952460864
1,HQNN,0.8929374766124278
1,HQNN,0.7680284479036877
1,HQNN,0.772960866991734
1,HQNN,0.7738998657832437
1,HQNN,0.8584474501151608
1,HQNN,0.6905196614298356
1,HQNN,0.479817371907535
1,HQNN,0.9266501980374472
1,HQNN,0.8167886023516931
1,HQNN,0.8311112883819248
1,HQNN,0.7649960200569409
1,HQNN,0.7033319708733555
1,HQNN,0.7276734730524226
1,HQNN,0.8970297614360091
1,HQNN,0.7876825559707257
1,HQNN,0.9638464488745632
1,HQNN,0.7254978917327277
1,HQNN,0.7899858795830828
1,HQNN,0.9423813597806662
1,HQNN,0.9006730115216273
1,HQNN,0.663870012494433
1,HQNN,0.8158420629123448
1,HQNN,0.9247955242429076
1,HQNN,0.7174138415427523
1,HQNN,0.8243011585989953
1,HQNN,0.9035631786261182
1,HQNN,0.8532222238144938
1,HQNN,0.7477565010957317
1,HQNN,0.919689820951986
1,HQNN,0.8116275358578215
1,HQNN,0.5084517498952701
1,HQNN,0.8964200852728067
1,HQNN,0.75145899719706
1,HQNN,0.6879165150114223
1,HQNN,0.95432087999735
1,HQNN,0.9214322592512072
1,HQNN,0.91488086406115
1,HQNN,0.9214549517297814
1,HQNN,0.9825752740006848
1,HQNN,0.8747702692495947
1,HQNN,0.8168954082099031
1,HQNN,0.7690009650908827
1,HQNN,0.5726190451817812
1,HQNN,0.9064548899834552
1,HQNN,0.7794601058583585
1,HQNN,0.8714874839686757
1,HQNN,0.8606969281065505
1,HQNN,0.5743272632084853
1,HQNN,0.9808364287815778
1,HQNN,0.7964335848640693
1,HQNN,0.7344812864024003
1,HQNN,0.7903346902242251
1,HQNN,0.9879544298498808
1,HQNN,0.7797238070384265
1,HQNN,0.6073998045673858
1,HQNN,0.7888752805040935
1,HQNN,0.5639694557646314
1,HQNN,0.7100711848883061
1,HQNN,0.94312504609157
1,HQNN,0.9206331536380084
1,HQNN,0.7796473747544685
1,HQNN,0.5938712983710136
1,HQNN,0.5859759404852292
1,HQNN,0.8559344884000397
1,HQNN,0.4725594238917602
1,HQNN,0.8422578178467764
1,HQNN,0.6891500537098995
1,HQNN,0.9415250238039372
1,HQNN,0.8337158192478422
1,HQNN,0.6885390875857763
1,HQNN,0.8747621009812704
1,HQNN,0.8476695962130248
1,HQNN,0.8360743724068185
1,HQNN,0.731151595983147
1,HQNN,0.8520744769520243
1,HQNN,0.6621491102678654
1,HQNN,0.8221342328841317
1,HQNN,0.8357562112693215
1,HQNN,0.6544772435452255
1,HQNN,0.9266216848323188
1,HQNN,0.9316122203892142
1,HQNN,0.8692741579261811
1,HQNN,0.5324425021949549
1,HQNN,0.9518076065935354
1,HQNN,0.4670249640832332
1,HQNN,0.7977088786931233
1,HQNN,0.5233989090561
1,HQNN,0.888051408814174
1,HQNN,0.5613728499573029
1,HQNN,0.8549206834174456
1,HQNN,0.5789413046901162
1,HQNN,0.7799647941053441
1,HQNN,0.9355104841458994
1,HQNN,0.8508830663241834
1,HQNN,0.612431959450033
1,HQNN,0.9233418111755292
1,HQNN,0.796738216381453
1,HQNN,0.957738014792218
1,HQNN,0.5534563743432672
1,HQNN,0.5141267839048783
1,HQNN,0.7890874832318138
1,HQNN,0.9079341679896314
1,HQNN,0.9553293772355362
1,HQNN,0.7305569774886823
1,HQNN,0.4342488419961161
1,HQNN,0.8002196533890615
1,HQNN,0.5305742937934537
1,HQNN,0.8048590616423379
1,HQNN,0.6304873080131767
1,HQNN,0.5874847481098612
1,HQNN,0.8767351459726123
1,HQNN,0.9221335844357929
1,HQNN,0.9029563072962186
1,HQNN,0.8570153032167693
1,HQNN,0.8368557108452017
1,HQNN,0.7396865823584653
1,HQNN,0.928841235221148
1,HQNN,0.8034655479756669
1,HQNN,0.8466069195228405
1,HQNN,0.7374042699721737
1,HQNN,0.8596197697773128
1,HQNN,0.8228221232291785
1,HQNN,0.5665540895264337
1,HQNN,0.8194474515163207
1,HQNN,0.8819389164975326
1,HQNN,0.851684903795334
1,HQNN,0.8022481172185003
1,HQNN,0.8862867909999458
1,HQNN,0.3905722186594824
1,HQNN,0.8404467329660489
1,HQNN,0.8443524499407575
1,HQNN,0.6122154443777439
1,HQNN,0.8123058595907892
1,HQNN,0.954260327194202
1,HQNN,0.954971088442196
1,HQNN,0.8601835734730932
1,HQNN,0.4684232226094751
1,HQNN,0.9782392915655724
1,HQNN,0.882148378056785
1,HQNN,0.8422679061048333
1,HQNN,0.8618094660367653
1,HQNN,0.7467995905836939
1,HQNN,0.8884339720470258
1,HQNN,0.8902630098284685
1,HQNN,0.9287752685578206
1,Ensemble,0.8445316158315624
1,Ensemble,0.9558028429035428
1,Ensemble,0.7763134547450837
1,Ensemble,0.6538540072338506
1,Ensemble,0.8928834797695333
1,Ensemble,0.6525658013609785
1,Ensemble,0.7210742532341625
1,Ensemble,0.7863784720092443
1,Ensemble,0.9296198647905832
1,Ensemble,0.9302972921181134
1,Ensemble,0.9751187752350668
1,Ensemble,0.4431408549346718
1,Ensemble,0.828306610343744
1,Ensemble,0.6797918137757935
1,Ensemble,0.806180506345883
1,Ensemble,0.8619458681130184
1,Ensemble,0.952553797874781
1,Ensemble,0.7688801287074486
1,Ensemble,0.4534260745866644
1,Ensemble,0.3595436372711478
1,Ensemble,0.9159495767445128
1,Ensemble,0.872983896095127
1,Ensemble,0.8035018195809275
1,Ensemble,0.9050360845625268
1,Ensemble,0.4804268670671079
1,Ensemble,0.7541332244613338
1,Ensemble,0.55512148079527
1,Ensemble,0.7710052363102341
1,Ensemble,0.7991600860352804
1,Ensemble,0.8292390026167523
1,Ensemble,0.9183309602301198
1,Ensemble,0.9171457262693298
1,Ensemble,0.9239477957119682
1,Ensemble,0.8628780062240473
1,Ensemble,0.5577269401571224
1,Ensemble,0.9810892822797276
1,Ensemble,0.7024901554594105
1,Ensemble,0.652220455575186
1,Ensemble,0.8996467578232913
1,Ensemble,0.5976503142688032
1,Ensemble,0.7734672252662713
1,Ensemble,0.8409346155510583
1,Ensemble,0.4388712478529138
1,Ensemble,0.9589531774836176
1,Ensemble,0.7855588523572415
1,Ensemble,0.8167611916206904
1,Ensemble,0.8035304236872667
1,Ensemble,0.8016311319982152
1,Ensemble,0.6703400879165293
1,Ensemble,0.8822447784326901
1,Ensemble,0.8753116503758407
1,Ensemble,0.7237727656294107
1,Ensemble,0.8935504334930822
1,Ensemble,0.9604425257549416
1,Ensemble,0.8368621476122575
1,Ensemble,0.5972250811469981
1,Ensemble,0.8621635002681907
1,Ensemble,0.6658878967596024
1,Ensemble,0.9485028230055216
1,Ensemble,0.7699950793209848
1,Ensemble,0.7363362664728478
1,Ensemble,0.9148862705240476
1,Ensemble,0.8446371690066418
1,Ensemble,0.5944729398042997
1,Ensemble,0.950531241056181
1,Ensemble,0.8841697282437528
1,Ensemble,0.8165102691318393
1,Ensemble,0.8427052830924209
1,Ensemble,0.9364164444667272
1,Ensemble,0.911221084865586
1,Ensemble,0.8138110985261537
1,Ensemble,0.8578891598159485
1,Ensemble,0.6975056976210282
1,Ensemble,0.77836402977717
1,Ensemble,0.7224165063906385
1,Ensemble,0.7140750003779348
1,Ensemble,0.9656698362839496
1,Ensemble,0.4157593390566856
1,Ensemble,0.7348931545781517
1,Ensemble,0.90849959197008
1,Ensemble,0.6512343408774102
1,Ensemble,0.9183253619660398
1,Ensemble,0.5349316778618886
1,Ensemble,0.5294275310070494
1,Ensemble,0.8239057503655414
1,Ensemble,0.856632542783937
1,Ensemble,0.5900270182280656
1,Ensemble,0.7710939514650605
1,Ensemble,0.8215972280284268
1,Ensemble,0.9097432022373122
1,Ensemble,0.901182068893936
1,Ensemble,0.696650010987567
1,Ensemble,0.815971906968952
1,Ensemble,0.7708676601387131
1,Ensemble,0.8966176826319661
1,Ensemble,0.8847882568397702
1,Ensemble,0.8276881016865536
1,Ensemble,0.7363982608542723
1,Ensemble,0.8992255113548292
1,Ensemble,0.817992140056863
1,Ensemble,0.962687945908858
1,Ensemble,0.921162256278088
1,Ensemble,0.4245425624311296
1,Ensemble,0.910579503379636
1,Ensemble,0.8049377015068974
1,Ensemble,0.6240012005065876
1,Ensemble,0.8194752441725126
1,Ensemble,0.8645694301138254
1,Ensemble,0.9015436020053936
1,Ensemble,0.7021118004764721
1,Ensemble,0.759773468435575
1,Ensemble,0.5638755768945398
1,Ensemble,0.8850550519464172
1,Ensemble,0.8931405832823222
1,Ensemble,0.8170929294641526
1,Ensemble,0.8017954202922675
1,Ensemble,0.8125930918046675
1,Ensemble,0.9175266051374432
1,Ensemble,0.770071660015058
1,Ensemble,0.8801895738736731
1,Ensemble,0.7295199895478783
1,Ensemble,0.8352949423916692
1,Ensemble,0.6855380700873819
1,Ensemble,0.969096736982959
1,Ensemble,0.8787551915370998
1,Ensemble,0.8130243641529575
1,Ensemble,0.5940440036804134
1,Ensemble,0.8841879457736126
1,Ensemble,0.7118421580891428
1,Ensemble,0.5705948484229726
1,Ensemble,0.8011133837030378
1,Ensemble,0.8919584181571898
1,Ensemble,0.8512093773047464
1,Ensemble,0.8202818147995874
1,Ensemble,0.922906623600428
1,Ensemble,0.9447362448999108
1,Ensemble,0.7221383410283989
1,Ensemble,0.9415988091902644
1,Ensemble,0.4657562867704289
1,Ensemble,0.8741170272079617
1,Ensemble,0.5195880720924622
1,Ensemble,0.7227914773311657
1,Ensemble,0.954701859624048
1,Ensemble,0.7621331934275879
1,Ensemble,0.9550810559432332
1,Ensemble,0.8055585558730778
1,Ensemble,0.6002412582530737
1,Ensemble,0.7428539223363259
1,Ensemble,0.8883442200457858
1,Ensemble,0.8171951780600745
1,Ensemble,0.9281711677364964
1,Ensemble,0.7003162777869673
1,Ensemble,0.8256149442081473
1,Ensemble,0.9412779218383978
1,Ensemble,0.8723505075226832
1,Ensemble,0.8140896748008318
1,Ensemble,0.9786692719177486
1,Ensemble,0.644991940543902
1,Ensemble,0.7891017852091106
1,Ensemble,0.8417301573418834
1,Ensemble,0.811158723210607
1,Ensemble,0.7239136798506522
1,Ensemble,0.7987581876815478
1,Ensemble,0.557469696174231
1,Ensemble,0.7038924332327515
1,Ensemble,0.7825943969478752
1,Ensemble,0.7619746590307084
1,Ensemble,0.8040050408023877
1,Ensemble,0.8336537427475974
1,Ensemble,0.8353212735085164
1,Ensemble,0.7048103632265198
1,Ensemble,0.9725326539996094
1,Ensemble,0.9028235704362986
1,Ensemble,0.8998099754581192
1,Ensemble,0.9557926379898928
1,Ensemble,0.7716049168229242
1,Ensemble,0.945152758833794
1,Ensemble,0.8253689802033344
1,Ensemble,0.6898025931918059
1,Ensemble,0.8877847117045372
1,Ensemble,0.6786878843433743
1,Ensemble,0.8965365115913689
1,Ensemble,0.7003985278102604
1,Ensemble,0.8542056987478696
1,Ensemble,0.8694229108388445
1,Ensemble,0.7262023547081511
1,Ensemble,0.7207980914849222
1,Ensemble,0.9669971868284076
1,Ensemble,0.9233710161222168
1,Ensemble,0.8544473284813151
1,Ensemble,0.912054857277446
1,Ensemble,0.9676546924558626
1,Ensemble,0.8974349381812625
1,Ensemble,0.3250680110998608
1,Ensemble,0.8731283057913235
1,Ensemble,0.7966054293257208
1,Ensemble,0.9799258005944228
1,Ensemble,0.9119872957770544
1,Ensemble,0.8931302536911768
1,Ensemble,0.8606483002668808
1,Ensemble,0.6630026038723369
1,Ensemble,0.7002618553896842
1,Ensemble,0.8901174945107692
1,Ensemble,0.4490865448264137
1,Ensemble,0.8318078289734595
1,Ensemble,0.4122811927863338
1,Ensemble,0.9606003800157452
1,Ensemble,0.5727466816133632
1,Ensemble,0.7873356135213508
1,Ensemble,0.6961189208554938
1,Ensemble,0.9024204842559526
1,Ensemble,0.8696026136832526
1,Ensemble,0.8335555278195992
1,Ensemble,0.7891069583894497
1,Ensemble,0.7951805156797359
1,Ensemble,0.8080960071513841
1,Ensemble,0.6536207909944918
1,Ensemble,0.8182193520862238
1,Ensemble,0.9589841257793572
1,Ensemble,0.9798525623855344
1,Ensemble,0.806402405900785
1,Ensemble,0.6688077589902974
1,Ensemble,0.951757616517288
1,Ensemble,0.8194417457257305
1,Ensemble,0.8483304776721469
1,Ensemble,0.9518842303635828
1,Ensemble,0.9136629845500222
1,Ensemble,0.8934800212696522
1,Ensemble,0.7329259130646013
1,Ensemble,0.9076100835523614
1,Ensemble,0.9457328704602704
1,Ensemble,0.8669637183576095
1,Ensemble,0.8939301079107961
1,Ensemble,0.8900369011253807
1,Ensemble,0.8200503734464011
1,Ensemble,0.774578875734004
1,Ensemble,0.9917072960460718
1,Ensemble,0.8279002813076805
1,Ensemble,0.7052117906258866
1,Ensemble,0.9166400756159234
1,Ensemble,0.9791502113156528
1,Ensemble,0.7170075788145612
1,Ensemble,0.9773025688211368
1,Ensemble,0.8171613263392878
1,Ensemble,0.834712770727018
1,Ensemble,0.8747782417645663
1,Ensemble,0.9002561726278445
1,Ensemble,0.8314066988883371
1,Ensemble,0.7066862410554243
1,Ensemble,0.9198343439843611
1,Ensemble,0.7738457541495467
1,Ensemble,0.6291205514626669
1,Ensemble,0.8324213054509407
1,Ensemble,0.9645157995494684
1,Ensemble,0.9569253366665816
1,Ensemble,0.9276817456802768
1,Ensemble,0.809663839571607
1,Ensemble,0.6663272458601776
1,Ensemble,0.6579784787165128
1,Ensemble,0.9262987076185744
1,Ensemble,0.8079425095457278
1,Ensemble,0.9288108627331618
1,Ensemble,0.8922727488733966
1,Ensemble,0.7618161546380698
1,Ensemble,0.3472591338964196
1,Ensemble,0.7231564734403761
1,Ensemble,0.9099895006190142
1,Ensemble,0.7400820932129559
1,Ensemble,0.6265200225967682
1,Ensemble,0.7906040494420975
1,Ensemble,0.8012971491581526
1,Ensemble,0.8547470191040704
1,Ensemble,0.8181648964927074
1,Ensemble,0.961758197299856
1,Ensemble,0.7146594371866272
1,Ensemble,0.7029076787984779
1,Ensemble,0.8442212623518534
1,Ensemble,0.8263161962517925
1,Ensemble,0.9242474346528442
1,Ensemble,0.8841806418397803
1,Ensemble,0.9078950465715192
1,Ensemble,0.6386887900596043
1,Ensemble,0.5768871564198366
1,Ensemble,0.8729409822687519
1,Ensemble,0.8251330008691893
1,Ensemble,0.6323169258565956
1,Ensemble,0.4455183572186111
1,Ensemble,0.8220249337079316
1,Ensemble,0.6918498342812874
1,Ensemble,0.9073407178751786
1,Ensemble,0.6790813871305004
1,Ensemble,0.6580995585347788
1,Ensemble,0.9258104538306698
1,Ensemble,0.7622244540246286
1,Ensemble,0.476662859512852
1,Ensemble,0.945770200434496
1,Ensemble,0.9393231178419592
1,Ensemble,0.8408379763577838
1,Ensemble,0.2552746131752926
1,Ensemble,0.9405719336415032
1,Ensemble,0.884312703216436
1,Ensemble,0.8799398924900332
1,Ensemble,0.8688767844856596
1,Ensemble,0.8198269083152478
1,Ensemble,0.8660556713855905
1,Ensemble,0.6051359842457698
1,Ensemble,0.7682027800705633
1,Ensemble,0.972986546854139
1,Ensemble,0.8969623596018512
1,Ensemble,0.8498871120882756
1,Ensemble,0.7823457089250664
1,Ensemble,0.7878018046367018
1,Ensemble,0.6619099192716769
1,Ensemble,0.3144609723131965
1,Ensemble,0.8939495492614301
1,Ensemble,0.8965353914507599
1,Ensemble,0.9369304357417548
1,Ensemble,0.8816488470908374
1,Ensemble,0.7358804276747651
1,Ensemble,0.9383970695015144
1,Ensemble,0.8700874124676008
1,Ensemble,0.7949896332005669
1,Ensemble,0.9173825402112832
1,Ensemble,0.9353121628805742
1,Ensemble,0.8315984585967386
1,Ensemble,0.8111874881851764
1,Ensemble,0.6772473185417832
1,Ensemble,0.9244123423853096
1,Ensemble,0.5595611008994565
1,Ensemble,0.7570159282405657
1,Ensemble,0.6875589554297972
1,Ensemble,0.9235891404414884
1,Ensemble,0.6718638945135461
1,Ensemble,0.673189071981414
1,Ensemble,0.919049362805342
1,Ensemble,0.8301799882274401
1,Ensemble,0.8411478674948787
1,Ensemble,0.9398147300735474
1,Ensemble,0.898325467621065
1,Ensemble,0.4967928887379221
1,Ensemble,0.7771358001380705
1,Ensemble,0.90521202199494
1,Ensemble,0.6048043872301339
1,Ensemble,0.5489282361983667
1,Ensemble,0.8981651196811838
1,Ensemble,0.9003056503787105
1,Ensemble,0.5480668244718042
1,Ensemble,0.5662203049950278
1,Ensemble,0.821630776440821
1,Ensemble,0.7651906769403932
1,Ensemble,0.8254104994995024
1,Ensemble,0.8448845846965763
1,Ensemble,0.849374352657639
1,Ensemble,0.9059538133009296
1,Ensemble,0.5991363766336933
1,Ensemble,0.9515720653027744
1,Ensemble,0.9378247373980756
1,Ensemble,0.735360138279659
1,Ensemble,0.8951557836455557
1,Ensemble,0.8960998024867887
1,Ensemble,0.779072909690953
1,Ensemble,0.9845931306126118
1,Ensemble,0.8885845794012707
1,Ensemble,0.8072149752769495
1,Ensemble,0.8538134807452037
1,Ensemble,0.895122647504695
1,Ensemble,0.7015221192459191
1,Ensemble,0.8440814024587096
1,Ensemble,0.7200849049654704
1,Ensemble,0.7777093134227239
1,Ensemble,0.8689896048264026
1,Ensemble,0.901960692835966
1,Ensemble,0.8058615506127014
1,Ensemble,0.8097267736010375
1,Ensemble,0.6719811034451675
1,Ensemble,0.8834178805193205
1,Ensemble,0.7581538339528039
1,Ensemble,0.9133316411082232
1,Ensemble,0.7177404599753793
1,Ensemble,0.9018869199964654
1,Ensemble,0.5216113791785678
1,Ensemble,0.7949613443159504
1,Ensemble,0.9124725236619216
1,Ensemble,0.7370112023800581
1,Ensemble,0.7323635813863788
1,Ensemble,0.8876466235812773
1,Ensemble,0.8743964146427888
1,Ensemble,0.7723211344396066
1,Ensemble,0.8594813574669226
1,Ensemble,0.8296478515013365
1,Ensemble,0.9536999230737916
1,Ensemble,0.5392507119055319
1,Ensemble,0.844701763566609
1,Ensemble,0.9102343436237338
1,Ensemble,0.3505837682334223
1,Ensemble,0.8559144795653185
1,Ensemble,0.8565254607714837
1,Ensemble,0.3627414141823158
1,Ensemble,0.8905188445513931
1,Ensemble,0.7892061804676932
1,Ensemble,0.7583982401613297
1,Ensemble,0.8725870158085807
1,Ensemble,0.9086767765337604
1,Ensemble,0.9402426437066193
1,Ensemble,0.6853307947968112
1,Ensemble,0.9451111837803596
1,Ensemble,0.9062525619065114
1,Ensemble,0.9085550496031368
1,Ensemble,0.9207088614545472
1,Ensemble,0.7712750863565765
1,Ensemble,0.8137298490819022
1,Ensemble,0.8931497193621177
1,Ensemble,0.7853068035338158
1,Ensemble,0.5149040225885119
1,Ensemble,0.7761986944102734
1,Ensemble,0.7926422032770503
1,Ensemble,0.9131006815876438
1,Ensemble,0.9077333860138436
1,Ensemble,0.8946503364282559
1,Ensemble,0.8382999956342445
1,Ensemble,0.917790984646754
1,Ensemble,0.9192522726642224
1,Ensemble,0.7960000434314564
1,Ensemble,0.9330649920474916
1,Ensemble,0.9434895567181252
1,Ensemble,0.8953683426136587
1,Ensemble,0.9538546374763526
1,Ensemble,0.8800480266619342
1,Ensemble,0.8242912140239652
1,Ensemble,0.7375062092582179
1,Ensemble,0.8387208941587736
1,Ensemble,0.8063094473660656
1,Ensemble,0.417429073912117
1,Ensemble,0.6076896542323756
1,Ensemble,0.6962084929670119
1,Ensemble,0.924824872181532
1,Ensemble,0.8060674182389514
1,Ensemble,0.9183466639921938
1,Ensemble,0.8992776515744085
1,Ensemble,0.4914855309809942
1,Ensemble,0.6208036073414159
1,Ensemble,0.8151960947009583
1,Ensemble,0.921933660271248
1,Ensemble,0.9068784338632844
1,Ensemble,0.8794503641596303
1,Ensemble,0.9918853274424182
1,Ensemble,0.7877706587397574
1,Ensemble,0.8397046843400291
1,Ensemble,0.8802456732695956
1,Ensemble,0.9363612284273312
1,Ensemble,0.5317088255303327
1,Ensemble,0.5874830238071983
1,Ensemble,0.7560241113499939
1,Ensemble,0.9559729918524816
1,Ensemble,0.7102800309515499
1,Ensemble,0.792872567738016
1,Ensemble,0.9902587073620328
1,Ensemble,0.9543715161442712
1,Ensemble,0.8070414745444864
1,Ensemble,0.6810931683409048
1,Ensemble,0.8735025881787037
1,Ensemble,0.9351231035057214
1,Ensemble,0.9740166693322236
1,Ensemble,0.3732137041551941
1,Ensemble,0.9216935190742894
1,Ensemble,0.8112815967006751
1,Ensemble,0.9356963034035836
1,Ensemble,0.9756687361087768
1,Ensemble,0.9082268762376052
1,Ensemble,0.6591848005438636
1,Ensemble,0.5494187844456557
1,Ensemble,0.5823164286635184
1,Ensemble,0.6375619105980171
1,Ensemble,0.9643930478377364
1,Ensemble,0.6883296593714362
1,Ensemble,0.573169919633458
1,Ensemble,0.5221035979591251
1,Ensemble,0.8332898563828764
1,Ensemble,0.8568314879468192
1,Ensemble,0.9720072619998092
1,Ensemble,0.5213811694085485
1,Ensemble,0.9796829648390412
1,Ensemble,0.8803512657715913
1,Ensemble,0.9497788642582684
1,Ensemble,0.9111997187875256
1,Ensemble,0.8790044262250335
1,Ensemble,0.935984878372629
1,Ensemble,0.8126411736932667
1,Ensemble,0.977046479826016
1,Ensemble,0.933471820643765
1,Ensemble,0.6324850239179202
1,Ensemble,0.8407710210181842
1,Ensemble,0.911371452863012
1,Ensemble,0.9571845686984246
1,Ensemble,0.4221426890527953
1,Ensemble,0.7023647429222443
1,Ensemble,0.5472258313977459
1,Ensemble,0.9167406059012532
1,Ensemble,0.5089986980544507
1,Ensemble,0.9739018939583904
1,Ensemble,0.9256207867514906
1,Ensemble,0.891068456018354
1,Ensemble,0.7503170126641776
1,Ensemble,0.9016171179952526
1,Ensemble,0.7502068351903239
1,Ensemble,0.9716120615987452
1,Ensemble,0.9791514787207825
1,Ensemble,0.7924927203214411
1,Ensemble,0.7772858646781052
1,Ensemble,0.9115971848869464
1,Ensemble,0.6428255357089592
1,Ensemble,0.9395601358904044
1,Ensemble,0.5356315974815661
1,Ensemble,0.6791437584586247
1,Ensemble,0.854944364704663
1,Ensemble,0.8272103985818635
1,Ensemble,0.623855915216832
1,Ensemble,0.8154186156717181
1,Ensemble,0.851134821805603
1,Ensemble,0.963045305609972
1,Ensemble,0.8955052391983613
1,Ensemble,0.9719205817401432
1,Ensemble,0.7991407624308278
1,Ensemble,0.8987633206343526
1,Ensemble,0.5801460568291499
1,Ensemble,0.9277220356602922
1,Ensemble,0.9611537244351642
1,Ensemble,0.7988040084322398
1,Ensemble,0.9325286083659804
1,Ensemble,0.723872132285712
1,Ensemble,0.6616687415960826
1,Ensemble,0.8531352982333673
1,Ensemble,0.8755572067313883
1,Ensemble,0.8774427691458966
1,Ensemble,0.7989494973952695
1,Ensemble,0.7050216201132606
1,Ensemble,0.9682180645450442
1,Ensemble,0.8839498539703329
1,Ensemble,0.8052937472549407
1,Ensemble,0.640451840489113
1,Ensemble,0.7554845093568395
1,Ensemble,0.8088721130400265
1,Ensemble,0.6988659925616142
1,Ensemble,0.9223543830771262
1,Ensemble,0.9123013440903032
1,Ensemble,0.8917528799637499
1,Ensemble,0.6959150814011159
1,Ensemble,0.629288560169831
1,Ensemble,0.5767956965576823
1,Ensemble,0.9155288291974404
1,Ensemble,0.8172089022089748
1,Ensemble,0.8090425235524284
1,Ensemble,0.8373947538403269
1,Ensemble,0.9191973081264528
1,Ensemble,0.4721894131877057
1,Ensemble,0.8660194261952084
1,Ensemble,0.605621414286667
1,Ensemble,0.946395879852199
1,Ensemble,0.8401059947254746
1,Ensemble,0.8735533055269277
1,Ensemble,0.53516128937586
1,Ensemble,0.8256205965176899
1,Ensemble,0.8888922971290348
1,Ensemble,0.9563772198324412
1,Ensemble,0.8040673010263081
1,Ensemble,0.8437336129420213
1,Ensemble,0.6783067038161873
1,Ensemble,0.7598744765023232
1,Ensemble,0.8294801236666861
1,Ensemble,0.6153524578159415
1,Ensemble,0.9466307081183676
1,Ensemble,0.9462955403200608
1,Ensemble,0.8682052272609355
1,Ensemble,0.8351843081349392
1,Ensemble,0.693222255043404
1,Ensemble,0.8801418206366264
1,Ensemble,0.9127287505986011
1,Ensemble,0.9377652201901986
1,Ensemble,0.8313162087255414
1,Ensemble,0.7084873118890207
1,Ensemble,0.9204897493258132
1,Ensemble,0.8870839262131307
1,Ensemble,0.7953777562885627
1,Ensemble,0.9586839796550852
1,Ensemble,0.8404490685189704
1,Ensemble,0.8153637698232759
1,Ensemble,0.8785426393344988
1,Ensemble,0.7694260856671381
1,Ensemble,0.9763769104643628
1,Ensemble,0.9177072295698044
1,Ensemble,0.7953436401810948
1,Ensemble,0.9747227317741936
1,Ensemble,0.8326286318664747
1,Ensemble,0.8225297183376559
1,Ensemble,0.8136998593934008
1,Ensemble,0.9748559784971756
1,Ensemble,0.6557928268506641
1,Ensemble,0.7769630766783954
1,Ensemble,0.6128074268170107
1,Ensemble,0.8531543944726823
1,Ensemble,0.9242941989842092
1,Ensemble,0.9843465956104248
1,Ensemble,0.9480639000739636
1,Ensemble,0.8777580154492147
1,Ensemble,0.8155153794253158
1,Ensemble,0.7997914026892893
1,Ensemble,0.8272486471776016
1,Ensemble,0.8754598605360078
1,Ensemble,0.7072333199806022
1,Ensemble,0.4910201193156699
1,Ensemble,0.926000178638098
1,Ensemble,0.8422754545305794
1,Ensemble,0.8554308801167317
1,Ensemble,0.743871844479675
1,Ensemble,0.6867386163331629
1,Ensemble,0.7019427002217502
1,Ensemble,0.920617972621308
1,Ensemble,0.8247301332519085
1,Ensemble,0.9625442521787944
1,Ensemble,0.764665078075519
1,Ensemble,0.7856153866687233
1,Ensemble,0.9549003608271956
1,Ensemble,0.8835033603602009
1,Ensemble,0.6675018434726485
1,Ensemble,0.7996548292593365
1,Ensemble,0.9390615304643058
1,Ensemble,0.6813645978864539
1,Ensemble,0.8446038152327697
1,Ensemble,0.9041867049540548
1,Ensemble,0.8544588220703861
1,Ensemble,0.7704441962135138
1,Ensemble,0.9308934046448248
1,Ensemble,0.8444514246076185
1,Ensemble,0.5255688408152892
1,Ensemble,0.9010898218180934
1,Ensemble,0.7242814667528111
1,Ensemble,0.7008975167917499
1,Ensemble,0.965522993562538
1,Ensemble,0.9302599661319926
1,Ensemble,0.908913120435442
1,Ensemble,0.9269609346318984
1,Ensemble,0.9838838968902404
1,Ensemble,0.8924339891607456
1,Ensemble,0.8235669840033861
1,Ensemble,0.6890134431278132
1,Ensemble,0.601936418987469
1,Ensemble,0.9559213347057552
1,Ensemble,0.7858133984892979
1,Ensemble,0.8822828524131171
1,Ensemble,0.8877054874487461
1,Ensemble,0.6200354124504632
1,Ensemble,0.9703148152944254
1,Ensemble,0.7947435423351439
1,Ensemble,0.7697652986143525
1,Ensemble,0.8274032723064193
1,Ensemble,0.9887630493461936
1,Ensemble,0.8205062845914004
1,Ensemble,0.6144713340360763
1,Ensemble,0.8179020614714703
1,Ensemble,0.5582892054222386
1,Ensemble,0.7164652138704697
1,Ensemble,0.9337969686998758
1,Ensemble,0.9212246587849392
1,Ensemble,0.7678619674467849
1,Ensemble,0.6460819272965764
1,Ensemble,0.6041280386002431
1,Ensemble,0.849509262166212
1,Ensemble,0.4942202121436033
1,Ensemble,0.8652520063342479
1,Ensemble,0.7392877553030827
1,Ensemble,0.9430400982697276
1,Ensemble,0.8465859508965119
1,Ensemble,0.7286723063384588
1,Ensemble,0.8683030598318338
1,Ensemble,0.863827908394578
1,Ensemble,0.850686894058162
1,Ensemble,0.7701315649435478
1,Ensemble,0.8895143038018551
1,Ensemble,0.6993521184964846
1,Ensemble,0.839146277583923
1,Ensemble,0.8047054763195003
1,Ensemble,0.6858491215119865
1,Ensemble,0.9019194579966868
1,Ensemble,0.9106110919488069
1,Ensemble,0.8645484811193336
1,Ensemble,0.506573716484108
1,Ensemble,0.958886008540456
1,Ensemble,0.4645916687227386
1,Ensemble,0.8160321465810427
1,Ensemble,0.5212720940600032
1,Ensemble,0.8484897369711182
1,Ensemble,0.5839471818510625
1,Ensemble,0.8589720221588738
1,Ensemble,0.6055871083349791
1,Ensemble,0.8136352046150963
1,Ensemble,0.9475733394172386
1,Ensemble,0.8768035908581796
1,Ensemble,0.6179563915784511
1,Ensemble,0.95580557487271
1,Ensemble,0.8234247508869663
1,Ensemble,0.9599429593249976
1,Ensemble,0.5825613795780393
1,Ensemble,0.5112130060651938
1,Ensemble,0.7779411372161242
1,Ensemble,0.9089506864903212
1,Ensemble,0.9516149031542522
1,Ensemble,0.7774089305694896
1,Ensemble,0.4085774831691831
1,Ensemble,0.8116976051123257
1,Ensemble,0.5920221661771128
1,Ensemble,0.8318148627161258
1,Ensemble,0.6654228357358674
1,Ensemble,0.6168197606484013
1,Ensemble,0.8906879371424712
1,Ensemble,0.9172472052326816
1,Ensemble,0.9037995241897848
1,Ensemble,0.8580752715197071
1,Ensemble,0.8510156174248328
1,Ensemble,0.7405568645131413
1,Ensemble,0.926257011076624
1,Ensemble,0.8267266187954364
1,Ensemble,0.8745010742342452
1,Ensemble,0.7276208886366038
1,Ensemble,0.8618421935648826
1,Ensemble,0.84232847991748
1,Ensemble,0.5731331578142684
1,Ensemble,0.8298117384233742
1,Ensemble,0.8685828517389204
1,Ensemble,0.882758675205936
1,Ensemble,0.7991025308743288
1,Ensemble,0.8858679343002597
1,Ensemble,0.373481843287599
1,Ensemble,0.8808997947103412
1,Ensemble,0.8593360257750345
1,Ensemble,0.6277863164308277
1,Ensemble,0.8464247380782896
1,Ensemble,0.9531713605357284
1,Ensemble,0.9578208987176402
1,Ensemble,0.8727461936415991
1,Ensemble,0.4814704527179793
1,Ensemble,0.9748370902094868
1,Ensemble,0.8998746029556199
1,Ensemble,0.8213132952576934
1,Ensemble,0.8610373707068206
1,Ensemble,0.7533588909943479
1,Ensemble,0.8746722782601399
1,Ensemble,0.9098315994652516
1,Ensemble,0.9228667880079974
